OrderDate,Revenue,Running_Revenue
2023-01-01,1393339.2599999988,1393339.2599999988
2023-01-02,1686525.0999999996,3079864.3599999985
2023-01-03,1625469.1499999997,4705333.509999998
2023-01-04,1480674.3199999987,6186007.829999996
2023-01-05,1625169.9400000004,7811177.769999997
2023-01-06,1589027.1899999995,9400204.959999997
2023-01-07,1557134.5599999998,10957339.519999998
2023-01-08,1595576.27,12552915.789999997
2023-01-09,1543498.9400000006,14096414.729999999
2023-01-10,1483277.760000002,15579692.49
2023-01-11,1610588.8000000012,17190281.290000003
2023-01-12,1575616.0100000007,18765897.300000004
2023-01-13,1619378.3800000008,20385275.680000007
2023-01-14,1564223.649999998,21949499.330000006
2023-01-15,1446128.0099999993,23395627.340000004
2023-01-16,1532098.5799999991,24927725.92
2023-01-17,1492959.1799999988,26420685.1
2023-01-18,1592291.8199999996,28012976.92
2023-01-19,1559242.3199999987,29572219.240000002
2023-01-20,1509992.1799999985,31082211.42
2023-01-21,1488416.020000001,32570627.44
2023-01-22,1530425.5300000005,34101052.97
2023-01-23,1467731.3499999987,35568784.32
2023-01-24,1603064.1900000013,37171848.510000005
2023-01-25,1618238.9600000004,38790087.470000006
2023-01-26,1513891.9999999988,40303979.470000006
2023-01-27,1598579.260000001,41902558.730000004
2023-01-28,1585470.0599999996,43488028.79000001
2023-01-29,1587961.9999999988,45075990.79000001
2023-01-30,1648823.1299999976,46724813.92
2023-01-31,1552499.6299999992,48277313.550000004
2023-02-01,1548914.8399999992,49826228.39
2023-02-02,1473835.6400000022,51300064.03
2023-02-03,1572448.7300000004,52872512.760000005
2023-02-04,1471234.7400000014,54343747.50000001
2023-02-05,1524902.1800000023,55868649.68000001
2023-02-06,1451475.0499999986,57320124.730000004
2023-02-07,1551792.2600000007,58871916.99
2023-02-08,1515615.9999999993,60387532.99
2023-02-09,1557909.1900000013,61945442.18000001
2023-02-10,1558160.9000000001,63503603.080000006
2023-02-11,1570555.2600000005,65074158.34
2023-02-12,1506938.7900000012,66581097.13
2023-02-13,1631013.5300000012,68212110.66
2023-02-14,1500537.3099999994,69712647.97
2023-02-15,1439920.7499999988,71152568.72
2023-02-16,1593439.4100000013,72746008.13
2023-02-17,1532308.2,74278316.33
2023-02-18,1479529.6599999988,75757845.99
2023-02-19,1515867.8100000005,77273713.8
2023-02-20,1480245.1699999978,78753958.97
2023-02-21,1617007.0399999998,80370966.01
2023-02-22,1541359.3800000001,81912325.39
2023-02-23,1451764.9100000008,83364090.3
2023-02-24,1477539.1400000013,84841629.44
2023-02-25,1561004.4699999995,86402633.91
2023-02-26,1562755.9700000004,87965389.88
2023-02-27,1443725.3600000006,89409115.24
2023-02-28,1517838.3600000006,90926953.6
2023-03-01,1576532.8100000015,92503486.41
2023-03-02,1602953.380000001,94106439.78999999
2023-03-03,1566625.9400000004,95673065.72999999
2023-03-04,1404167.8399999992,97077233.57
2023-03-05,1537070.9400000004,98614304.50999999
2023-03-06,1530773.2999999984,100145077.80999999
2023-03-07,1624827.1899999992,101769904.99999999
2023-03-08,1567073.9099999992,103336978.90999998
2023-03-09,1542760.2199999997,104879739.12999998
2023-03-10,1604740.639999998,106484479.76999998
2023-03-11,1472389.02,107956868.78999998
2023-03-12,1467991.3400000005,109424860.12999998
2023-03-13,1623468.94,111048329.06999998
2023-03-14,1570254.1899999972,112618583.25999998
2023-03-15,1543014.419999999,114161597.67999998
2023-03-16,1419095.169999999,115580692.84999998
2023-03-17,1496337.5700000008,117077030.41999999
2023-03-18,1535684.9199999971,118612715.33999999
2023-03-19,1483719.4099999995,120096434.74999999
2023-03-20,1396472.0000000012,121492906.74999999
2023-03-21,1619999.1199999978,123112905.86999999
2023-03-22,1532447.3800000006,124645353.24999999
2023-03-23,1564357.060000001,126209710.30999999
2023-03-24,1523519.0900000029,127733229.39999999
2023-03-25,1550857.3500000006,129284086.74999999
2023-03-26,1615221.409999999,130899308.15999998
2023-03-27,1616191.4100000013,132515499.56999998
2023-03-28,1583943.7200000004,134099443.28999998
2023-03-29,1507497.0999999996,135606940.39
2023-03-30,1545110.4200000013,137152050.80999997
2023-03-31,1582144.9099999995,138734195.71999997
2023-04-01,1508182.2300000023,140242377.94999996
2023-04-02,1580035.63,141822413.57999995
2023-04-03,1447766.6699999992,143270180.24999994
2023-04-04,1472224.2500000012,144742404.49999994
2023-04-05,1592106.3200000017,146334510.81999993
2023-04-06,1546092.9599999997,147880603.77999994
2023-04-07,1371673.9900000016,149252277.76999995
2023-04-08,1588610.4799999993,150840888.24999994
2023-04-09,1582949.6700000002,152423837.91999993
2023-04-10,1529059.3800000004,153952897.29999992
2023-04-11,1595774.3799999992,155548671.67999992
2023-04-12,1576321.979999999,157124993.6599999
2023-04-13,1565568.1699999988,158690561.8299999
2023-04-14,1533944.899999998,160224506.7299999
2023-04-15,1612175.7299999995,161836682.4599999
2023-04-16,1622787.580000001,163459470.0399999
2023-04-17,1527594.1000000017,164987064.1399999
2023-04-18,1564221.23,166551285.3699999
2023-04-19,1623588.4399999995,168174873.80999988
2023-04-20,1601048.2899999989,169775922.09999987
2023-04-21,1582732.0400000003,171358654.13999987
2023-04-22,1487081.9200000006,172845736.05999985
2023-04-23,1561305.7700000035,174407041.82999986
2023-04-24,1679703.759999998,176086745.58999985
2023-04-25,1596819.530000002,177683565.11999986
2023-04-26,1587605.1999999983,179271170.31999984
2023-04-27,1471543.699999999,180742714.01999983
2023-04-28,1467608.2699999984,182210322.28999984
2023-04-29,1508808.18,183719130.46999985
2023-04-30,1630518.8200000008,185349649.28999984
2023-05-01,1442250.0600000022,186791899.34999985
2023-05-02,1447287.949999999,188239187.29999983
2023-05-03,1614001.0399999996,189853188.33999982
2023-05-04,1507763.0599999987,191360951.39999983
2023-05-05,1548536.209999998,192909487.60999984
2023-05-06,1582894.7999999984,194492382.40999985
2023-05-07,1654744.650000001,196147127.05999985
2023-05-08,1606650.9999999995,197753778.05999985
2023-05-09,1613126.070000001,199366904.12999985
2023-05-10,1421016.9400000009,200787921.06999984
2023-05-11,1599715.0100000007,202387636.07999983
2023-05-12,1424007.29,203811643.36999983
2023-05-13,1650829.6899999985,205462473.05999982
2023-05-14,1556017.31,207018490.36999983
2023-05-15,1582720.1800000004,208601210.54999983
2023-05-16,1404893.1799999997,210006103.72999984
2023-05-17,1395201.540000001,211401305.26999983
2023-05-18,1637963.539999999,213039268.80999982
2023-05-19,1679876.3300000022,214719145.13999984
2023-05-20,1502719.2500000005,216221864.38999984
2023-05-21,1397495.8900000013,217619360.27999985
2023-05-22,1575985.7599999995,219195346.03999984
2023-05-23,1545152.3000000003,220740498.33999985
2023-05-24,1497403.6700000013,222237902.00999984
2023-05-25,1493882.1300000001,223731784.13999984
2023-05-26,1579483.3899999994,225311267.52999982
2023-05-27,1514355.7500000014,226825623.27999982
2023-05-28,1628412.7900000005,228454036.0699998
2023-05-29,1717836.9800000018,230171873.0499998
2023-05-30,1739345.53,231911218.5799998
2023-05-31,1569882.0900000003,233481100.6699998
2023-06-01,1497357.0399999968,234978457.7099998
2023-06-02,1470384.9000000001,236448842.6099998
2023-06-03,1580159.739999999,238029002.34999982
2023-06-04,1426847.4000000025,239455849.74999982
2023-06-05,1501601.5099999998,240957451.2599998
2023-06-06,1426464.3399999985,242383915.59999982
2023-06-07,1442925.35,243826840.9499998
2023-06-08,1378439.990000001,245205280.93999982
2023-06-09,1628173.660000001,246833454.59999982
2023-06-10,1571606.9299999985,248405061.52999982
2023-06-11,1480025.530000001,249885087.05999982
2023-06-12,1631910.6700000009,251516997.7299998
2023-06-13,1546291.0300000003,253063288.7599998
2023-06-14,1590459.6299999994,254653748.3899998
2023-06-15,1608923.6799999992,256262672.0699998
2023-06-16,1537365.3100000003,257800037.37999982
2023-06-17,1546029.3100000003,259346066.68999982
2023-06-18,1509530.2999999998,260855596.98999983
2023-06-19,1589813.4799999977,262445410.46999982
2023-06-20,1501345.8200000012,263946756.2899998
2023-06-21,1513443.27,265460199.55999982
2023-06-22,1458325.909999998,266918525.46999982
2023-06-23,1565743.280000001,268484268.7499998
2023-06-24,1576250.3099999996,270060519.0599998
2023-06-25,1549474.7300000002,271609993.78999984
2023-06-26,1624946.9300000002,273234940.71999985
2023-06-27,1500029.2400000016,274734969.95999986
2023-06-28,1502669.8800000006,276237639.83999985
2023-06-29,1444764.8900000013,277682404.72999984
2023-06-30,1549196.7200000016,279231601.44999987
2023-07-01,1603186.5600000015,280834788.0099999
2023-07-02,1513884.4499999993,282348672.45999986
2023-07-03,1511396.0900000012,283860068.54999983
2023-07-04,1570737.82,285430806.3699998
2023-07-05,1593917.8200000026,287024724.1899998
2023-07-06,1379960.9800000002,288404685.16999984
2023-07-07,1573077.1700000002,289977762.33999985
2023-07-08,1591087.6199999978,291568849.95999986
2023-07-09,1366253.9900000002,292935103.94999987
2023-07-10,1448686.3000000007,294383790.2499999
2023-07-11,1502183.0999999996,295885973.3499999
2023-07-12,1570483.8600000006,297456457.2099999
2023-07-13,1518387.5399999996,298974844.74999994
2023-07-14,1560169.34,300535014.0899999
2023-07-15,1512992.4200000004,302048006.50999993
2023-07-16,1552973.8599999996,303600980.36999995
2023-07-17,1548446.5899999992,305149426.9599999
2023-07-18,1442130.0099999995,306591556.9699999
2023-07-19,1581329.7399999981,308172886.7099999
2023-07-20,1412520.9700000004,309585407.67999995
2023-07-21,1400061.7799999996,310985469.4599999
2023-07-22,1656990.1599999985,312642459.61999995
2023-07-23,1525344.7700000003,314167804.3899999
2023-07-24,1498065.2300000002,315665869.61999995
2023-07-25,1393337.9400000002,317059207.55999994
2023-07-26,1680047.9699999988,318739255.53
2023-07-27,1540003.6200000017,320279259.15
2023-07-28,1565475.229999999,321844734.38
2023-07-29,1528598.250000001,323373332.63
2023-07-30,1635809.3000000014,325009141.93
2023-07-31,1558419.8299999994,326567561.76
2023-08-01,1632161.2499999995,328199723.01
2023-08-02,1440016.8399999992,329639739.84999996
2023-08-03,1551629.3400000017,331191369.18999994
2023-08-04,1505940.1900000004,332697309.37999994
2023-08-05,1433045.2299999995,334130354.60999995
2023-08-06,1509449.5399999993,335639804.15
2023-08-07,1354334.9099999976,336994139.06
2023-08-08,1496809.1800000002,338490948.24
2023-08-09,1550556.07,340041504.31
2023-08-10,1428903.1800000002,341470407.49
2023-08-11,1498923.2600000002,342969330.75
2023-08-12,1534592.2399999972,344503922.99
2023-08-13,1561548.2400000019,346065471.23
2023-08-14,1584838.5200000012,347650309.75
2023-08-15,1531501.2300000004,349181810.98
2023-08-16,1526698.7500000012,350708509.73
2023-08-17,1506344.8900000018,352214854.62
2023-08-18,1539697.72,353754552.34000003
2023-08-19,1466104.6299999997,355220656.97
2023-08-20,1490852.0699999991,356711509.04
2023-08-21,1582295.3800000006,358293804.42
2023-08-22,1516440.9700000007,359810245.39000005
2023-08-23,1563506.3499999999,361373751.74000007
2023-08-24,1645421.1799999976,363019172.9200001
2023-08-25,1558809.5400000003,364577982.4600001
2023-08-26,1495490.2299999988,366073472.6900001
2023-08-27,1600698.7400000016,367674171.4300001
2023-08-28,1432780.19,369106951.6200001
2023-08-29,1541247.6299999994,370648199.2500001
2023-08-30,1628327.2199999983,372276526.4700001
2023-08-31,1565427.749999998,373841954.2200001
2023-09-01,1601907.1699999995,375443861.3900001
2023-09-02,1391687.7099999997,376835549.1000001
2023-09-03,1478486.3400000015,378314035.44000006
2023-09-04,1537684.3099999996,379851719.75000006
2023-09-05,1565417.5500000012,381417137.3000001
2023-09-06,1458722.180000001,382875859.4800001
2023-09-07,1504056.040000001,384379915.5200001
2023-09-08,1514981.6600000008,385894897.1800001
2023-09-09,1558425.5100000007,387453322.6900001
2023-09-10,1471580.0600000015,388924902.7500001
2023-09-11,1368517.9300000009,390293420.6800001
2023-09-12,1553800.720000001,391847221.40000015
2023-09-13,1605662.0100000007,393452883.41000015
2023-09-14,1717872.6200000006,395170756.03000015
2023-09-15,1573234.979999999,396743991.01000017
2023-09-16,1471513.5800000003,398215504.59000015
2023-09-17,1501315.5199999989,399716820.11000013
2023-09-18,1573214.9000000008,401290035.0100001
2023-09-19,1479607.7500000016,402769642.7600001
2023-09-20,1601409.6399999992,404371052.4000001
2023-09-21,1380680.3099999994,405751732.7100001
2023-09-22,1670305.7999999998,407422038.5100001
2023-09-23,1583314.1400000015,409005352.6500001
2023-09-24,1517009.0599999987,410522361.7100001
2023-09-25,1428367.4399999997,411950729.1500001
2023-09-26,1517441.0400000017,413468170.1900001
2023-09-27,1512117.0699999984,414980287.2600001
2023-09-28,1625111.4100000008,416605398.67000014
2023-09-29,1532876.4300000004,418138275.10000014
2023-09-30,1401570.7799999998,419539845.8800001
2023-10-01,1534193.630000001,421074039.5100001
2023-10-02,1548863.1300000004,422622902.6400001
2023-10-03,1600051.1799999995,424222953.8200001
2023-10-04,1604400.849999999,425827354.67000014
2023-10-05,1594564.0599999996,427421918.73000014
2023-10-06,1451111.8199999991,428873030.55000013
2023-10-07,1629993.65,430503024.2000001
2023-10-08,1593912.4600000011,432096936.6600001
2023-10-09,1420935.5800000008,433517872.24000007
2023-10-10,1464350.0399999989,434982222.2800001
2023-10-11,1547383.1400000001,436529605.4200001
2023-10-12,1657086.3899999973,438186691.81000006
2023-10-13,1570704.1600000001,439757395.9700001
2023-10-14,1508310.0399999986,441265706.0100001
2023-10-15,1541617.4099999992,442807323.42000014
2023-10-16,1463051.54,444270374.96000016
2023-10-17,1454309.7300000011,445724684.6900002
2023-10-18,1609068.04,447333752.7300002
2023-10-19,1432282.3499999994,448766035.0800002
2023-10-20,1680525.3500000003,450446560.43000025
2023-10-21,1546403.6200000006,451992964.05000025
2023-10-22,1453158.05,453446122.10000026
2023-10-23,1488957.0000000007,454935079.10000026
2023-10-24,1536066.2699999986,456471145.37000024
2023-10-25,1606133.3399999992,458077278.7100002
2023-10-26,1462266.4700000002,459539545.18000025
2023-10-27,1554198.0099999988,461093743.19000024
2023-10-28,1627880.2400000005,462721623.43000025
2023-10-29,1345904.189999998,464067527.62000024
2023-10-30,1483161.1700000009,465550688.79000026
2023-10-31,1531543.1699999995,467082231.9600003
2023-11-01,1591597.7599999993,468673829.72000027
2023-11-02,1530812.720000001,470204642.4400003
2023-11-03,1527964.8900000006,471732607.3300003
2023-11-04,1615293.069999999,473347900.4000003
2023-11-05,1503194.1999999997,474851094.60000026
2023-11-06,1601231.4900000007,476452326.0900003
2023-11-07,1517613.0099999984,477969939.10000026
2023-11-08,1514306.8400000003,479484245.94000024
2023-11-09,1536743.0999999987,481020989.04000026
2023-11-10,1422997.6399999997,482443986.68000025
2023-11-11,1567008.3600000017,484010995.04000026
2023-11-12,1522580.9700000014,485533576.0100003
2023-11-13,1436510.4300000009,486970086.4400003
2023-11-14,1533306.7799999989,488503393.22000027
2023-11-15,1510604.01,490013997.23000026
2023-11-16,1617749.850000001,491631747.0800003
2023-11-17,1531709.389999999,493163456.47000027
2023-11-18,1553048.8800000004,494716505.35000026
2023-11-19,1514356.9199999995,496230862.2700003
2023-11-20,1493722.8699999987,497724585.1400003
2023-11-21,1508153.0700000008,499232738.2100003
2023-11-22,1529276.1099999994,500762014.3200003
2023-11-23,1475482.6299999994,502237496.9500003
2023-11-24,1544101.1799999983,503781598.1300003
2023-11-25,1598893.9499999993,505380492.0800003
2023-11-26,1489608.7900000003,506870100.8700003
2023-11-27,1553142.7899999993,508423243.6600003
2023-11-28,1474925.8399999994,509898169.5000003
2023-11-29,1453623.12,511351792.6200003
2023-11-30,1454738.9200000002,512806531.5400003
2023-12-01,1523932.9199999997,514330464.46000034
2023-12-02,1511831.6200000006,515842296.08000034
2023-12-03,1438081.6299999987,517280377.71000034
2023-12-04,1474358.9899999995,518754736.70000035
2023-12-05,1619161.940000001,520373898.64000034
2023-12-06,1602024.019999998,521975922.6600003
2023-12-07,1589021.7600000014,523564944.4200003
2023-12-08,1485343.6099999987,525050288.0300003
2023-12-09,1543719.3800000013,526594007.4100003
2023-12-10,1431152.480000001,528025159.89000034
2023-12-11,1527620.7500000007,529552780.64000034
2023-12-12,1477327.3699999982,531030108.01000035
2023-12-13,1578536.2199999993,532608644.2300004
2023-12-14,1493685.0800000005,534102329.31000036
2023-12-15,1477855.979999998,535580185.2900004
2023-12-16,1586133.7599999986,537166319.0500004
2023-12-17,1460707.0800000005,538627026.1300005
2023-12-18,1643876.4500000014,540270902.5800005
2023-12-19,1484477.8200000008,541755380.4000006
2023-12-20,1500166.2900000012,543255546.6900005
2023-12-21,1537853.7599999998,544793400.4500005
2023-12-22,1499109.6699999974,546292510.1200005
2023-12-23,1374086.440000001,547666596.5600005
2023-12-24,1638907.6900000023,549305504.2500006
2023-12-25,1450709.7599999995,550756214.0100006
2023-12-26,1506694.2500000012,552262908.2600006
2023-12-27,1558688.44,553821596.7000006
2023-12-28,1538694.6400000001,555360291.3400006
2023-12-29,1561279.9499999988,556921571.2900007
2023-12-30,1616404.9100000001,558537976.2000006
2023-12-31,1495710.7899999996,560033686.9900006
2024-01-01,1539670.009999999,561573357.0000006
2024-01-02,1590392.649999998,563163749.6500006
2024-01-03,1508257.2699999993,564672006.9200006
2024-01-04,1347555.080000002,566019562.0000006
2024-01-05,1477375.8699999999,567496937.8700006
2024-01-06,1561902.2000000011,569058840.0700006
2024-01-07,1584824.2299999995,570643664.3000007
2024-01-08,1640243.5699999984,572283907.8700007
2024-01-09,1669801.3200000005,573953709.1900008
2024-01-10,1525288.9999999993,575478998.1900008
2024-01-11,1479694.8600000003,576958693.0500008
2024-01-12,1653035.2900000021,578611728.3400007
2024-01-13,1635944.070000001,580247672.4100008
2024-01-14,1507437.8999999992,581755110.3100008
2024-01-15,1464990.2400000005,583220100.5500008
2024-01-16,1558065.429999999,584778165.9800007
2024-01-17,1548466.2000000016,586326632.1800008
2024-01-18,1648373.1900000009,587975005.3700008
2024-01-19,1562505.229999998,589537510.6000009
2024-01-20,1472728.0400000017,591010238.6400008
2024-01-21,1458996.570000001,592469235.2100009
2024-01-22,1487754.1600000006,593956989.3700008
2024-01-23,1460069.2599999993,595417058.6300008
2024-01-24,1509261.369999999,596926320.0000008
2024-01-25,1596743.0999999987,598523063.1000009
2024-01-26,1521135.919999999,600044199.0200008
2024-01-27,1519055.5399999975,601563254.5600008
2024-01-28,1579032.6400000022,603142287.2000008
2024-01-29,1562872.3900000001,604705159.5900007
2024-01-30,1534433.5400000017,606239593.1300007
2024-01-31,1639521.9600000025,607879115.0900007
2024-02-01,1537376.200000001,609416491.2900008
2024-02-02,1524688.9200000002,610941180.2100008
2024-02-03,1523979.6899999997,612465159.9000008
2024-02-04,1503640.1299999997,613968800.0300008
2024-02-05,1716448.1499999997,615685248.1800008
2024-02-06,1513893.6999999997,617199141.8800008
2024-02-07,1473490.7599999995,618672632.6400008
2024-02-08,1497186.189999999,620169818.8300009
2024-02-09,1638080.8699999982,621807899.7000009
2024-02-10,1618441.2300000023,623426340.9300009
2024-02-11,1555433.8700000013,624981774.8000009
2024-02-12,1468989.87,626450764.6700009
2024-02-13,1442306.0700000003,627893070.740001
2024-02-14,1479220.550000001,629372291.2900009
2024-02-15,1550256.850000001,630922548.1400009
2024-02-16,1554533.4099999995,632477081.5500009
2024-02-17,1511731.4500000004,633988813.000001
2024-02-18,1600274.4699999986,635589087.470001
2024-02-19,1762783.6499999994,637351871.120001
2024-02-20,1591424.8999999994,638943296.0200009
2024-02-21,1597129.9800000014,640540426.000001
2024-02-22,1550749.380000002,642091175.380001
2024-02-23,1668074.9900000002,643759250.370001
2024-02-24,1458496.180000002,645217746.5500009
2024-02-25,1543286.639999999,646761033.1900009
2024-02-26,1558707.4100000006,648319740.6000009
2024-02-27,1472999.5999999999,649792740.2000009
2024-02-28,1610680.1099999994,651403420.3100009
2024-02-29,1567214.5500000007,652970634.8600008
2024-03-01,1546515.8900000001,654517150.7500008
2024-03-02,1508747.019999999,656025897.7700008
2024-03-03,1579074.3199999987,657604972.0900009
2024-03-04,1539718.8200000003,659144690.9100009
2024-03-05,1536897.2199999993,660681588.130001
2024-03-06,1530466.8700000008,662212055.000001
2024-03-07,1555595.9600000011,663767650.960001
2024-03-08,1681612.9000000004,665449263.860001
2024-03-09,1611320.8700000008,667060584.730001
2024-03-10,1563046.0799999994,668623630.810001
2024-03-11,1495012.1600000001,670118642.970001
2024-03-12,1596386.5200000014,671715029.490001
2024-03-13,1419289.179999999,673134318.6700009
2024-03-14,1569556.4400000002,674703875.110001
2024-03-15,1536533.1999999983,676240408.310001
2024-03-16,1602928.6400000001,677843336.950001
2024-03-17,1557912.270000001,679401249.220001
2024-03-18,1560254.8099999991,680961504.0300009
2024-03-19,1560581.4800000011,682522085.510001
2024-03-20,1523999.05,684046084.5600009
2024-03-21,1711610.290000001,685757694.8500009
2024-03-22,1555774.199999998,687313469.0500009
2024-03-23,1475200.9900000019,688788670.0400009
2024-03-24,1569156.5800000005,690357826.620001
2024-03-25,1326632.6200000008,691684459.240001
2024-03-26,1456763.839999998,693141223.080001
2024-03-27,1703361.4499999972,694844584.530001
2024-03-28,1590517.6800000002,696435102.210001
2024-03-29,1631178.82,698066281.030001
2024-03-30,1579567.2500000005,699645848.280001
2024-03-31,1540169.9399999997,701186018.2200011
2024-04-01,1619906.2699999977,702805924.4900011
2024-04-02,1576717.2800000003,704382641.770001
2024-04-03,1483217.3699999987,705865859.140001
2024-04-04,1571447.3900000008,707437306.530001
2024-04-05,1556329.340000002,708993635.8700011
2024-04-06,1576330.9799999997,710569966.8500011
2024-04-07,1584141.9600000016,712154108.8100011
2024-04-08,1695951.3599999996,713850060.1700011
2024-04-09,1583575.8399999996,715433636.0100012
2024-04-10,1444187.6599999988,716877823.6700011
2024-04-11,1438895.5900000003,718316719.2600012
2024-04-12,1472368.9699999983,719789088.2300012
2024-04-13,1725984.6100000038,721515072.8400012
2024-04-14,1495835.9900000014,723010908.8300012
2024-04-15,1517296.1999999988,724528205.0300013
2024-04-16,1405373.7100000007,725933578.7400013
2024-04-17,1497407.5699999996,727430986.3100014
2024-04-18,1599384.72,729030371.0300014
2024-04-19,1567099.7199999993,730597470.7500014
2024-04-20,1575222.620000001,732172693.3700014
2024-04-21,1565124.7300000014,733737818.1000015
2024-04-22,1615845.8900000001,735353663.9900014
2024-04-23,1569312.9800000018,736922976.9700015
2024-04-24,1480535.9200000013,738403512.8900014
2024-04-25,1539392.709999998,739942905.6000015
2024-04-26,1516718.1600000015,741459623.7600014
2024-04-27,1387289.1300000006,742846912.8900014
2024-04-28,1480138.0900000017,744327050.9800014
2024-04-29,1597338.389999999,745924389.3700014
2024-04-30,1573949.3599999992,747498338.7300014
2024-05-01,1593627.0599999996,749091965.7900014
2024-05-02,1506142.7899999993,750598108.5800014
2024-05-03,1590141.4499999995,752188250.0300014
2024-05-04,1547120.6199999978,753735370.6500014
2024-05-05,1436481.5900000012,755171852.2400014
2024-05-06,1530903.1699999995,756702755.4100014
2024-05-07,1505656.940000002,758208412.3500015
2024-05-08,1566126.7299999977,759774539.0800015
2024-05-09,1471861.2499999995,761246400.3300015
2024-05-10,1656955.9199999997,762903356.2500014
2024-05-11,1579120.3499999982,764482476.6000015
2024-05-12,1547597.2100000014,766030073.8100015
2024-05-13,1520037.75,767550111.5600015
2024-05-14,1458649.2300000011,769008760.7900015
2024-05-15,1497016.8399999996,770505777.6300015
2024-05-16,1508837.6400000018,772014615.2700015
2024-05-17,1659374.6699999997,773673989.9400015
2024-05-18,1504438.2199999995,775178428.1600015
2024-05-19,1627798.5500000007,776806226.7100015
2024-05-20,1568037.0999999985,778374263.8100015
2024-05-21,1543587.53,779917851.3400015
2024-05-22,1616663.7999999989,781534515.1400014
2024-05-23,1499561.9699999997,783034077.1100014
2024-05-24,1489289.3599999996,784523366.4700015
2024-05-25,1494743.6300000004,786018110.1000015
2024-05-26,1511445.9,787529556.0000014
2024-05-27,1481804.2600000019,789011360.2600014
2024-05-28,1650652.2000000011,790662012.4600015
2024-05-29,1632638.1099999996,792294650.5700015
2024-05-30,1565217.5999999982,793859868.1700015
2024-05-31,1571696.0399999982,795431564.2100015
2024-06-01,1525478.5500000005,796957042.7600014
2024-06-02,1682565.6699999995,798639608.4300014
2024-06-03,1528972.3100000005,800168580.7400013
2024-06-04,1643439.3599999975,801812020.1000013
2024-06-05,1586753.630000001,803398773.7300013
2024-06-06,1480357.180000001,804879130.9100013
2024-06-07,1529475.6899999983,806408606.6000013
2024-06-08,1585349.49,807993956.0900013
2024-06-09,1429835.8800000008,809423791.9700013
2024-06-10,1576197.05,810999989.0200013
2024-06-11,1556249.5000000007,812556238.5200013
2024-06-12,1516814.3499999994,814073052.8700013
2024-06-13,1577829.089999999,815650881.9600013
2024-06-14,1499443.4700000002,817150325.4300014
2024-06-15,1558865.4500000018,818709190.8800014
2024-06-16,1517128.9299999995,820226319.8100014
2024-06-17,1475045.5499999993,821701365.3600013
2024-06-18,1430224.9100000006,823131590.2700013
2024-06-19,1571955.7899999996,824703546.0600013
2024-06-20,1489986.3300000005,826193532.3900013
2024-06-21,1490799.36,827684331.7500013
2024-06-22,1562961.4699999997,829247293.2200013
2024-06-23,1548838.9499999988,830796132.1700014
2024-06-24,1487590.3399999996,832283722.5100014
2024-06-25,1545732.150000001,833829454.6600014
2024-06-26,1585899.5900000017,835415354.2500014
2024-06-27,1441850.899999999,836857205.1500014
2024-06-28,1677718.0299999982,838534923.1800014
2024-06-29,1506166.6399999983,840041089.8200014
2024-06-30,1532131.9099999985,841573221.7300013
2024-07-01,1572186.4800000007,843145408.2100013
2024-07-02,1515311.9899999981,844660720.2000014
2024-07-03,1598493.58,846259213.7800014
2024-07-04,1617322.6300000006,847876536.4100014
2024-07-05,1522233.6700000013,849398770.0800014
2024-07-06,1562857.89,850961627.9700013
2024-07-07,1587811.7399999998,852549439.7100013
2024-07-08,1488579.0799999996,854038018.7900014
2024-07-09,1442733.1899999995,855480751.9800014
2024-07-10,1616337.9899999981,857097089.9700015
2024-07-11,1666447.5399999998,858763537.5100014
2024-07-12,1526250.699999999,860289788.2100015
2024-07-13,1605423.1399999987,861895211.3500015
2024-07-14,1526764.900000003,863421976.2500014
2024-07-15,1577085.7799999996,864999062.0300014
2024-07-16,1606884.2399999993,866605946.2700014
2024-07-17,1485790.3399999994,868091736.6100014
2024-07-18,1518336.4899999984,869610073.1000015
2024-07-19,1534328.6399999992,871144401.7400014
2024-07-20,1512433.8699999999,872656835.6100014
2024-07-21,1545644.1799999992,874202479.7900014
2024-07-22,1447025.7099999993,875649505.5000014
2024-07-23,1580806.449999996,877230311.9500015
2024-07-24,1593341.9500000002,878823653.9000015
2024-07-25,1550800.109999999,880374454.0100015
2024-07-26,1580308.5800000005,881954762.5900016
2024-07-27,1477398.440000001,883432161.0300016
2024-07-28,1549560.0299999993,884981721.0600016
2024-07-29,1450597.5400000003,886432318.6000016
2024-07-30,1616764.9399999983,888049083.5400016
2024-07-31,1601603.5799999994,889650687.1200017
2024-08-01,1397483.2000000027,891048170.3200017
2024-08-02,1473060.7399999993,892521231.0600017
2024-08-03,1578042.4700000014,894099273.5300018
2024-08-04,1561377.38,895660650.9100018
2024-08-05,1528318.2100000018,897188969.1200018
2024-08-06,1504221.6099999987,898693190.7300018
2024-08-07,1522500.759999999,900215691.4900018
2024-08-08,1538221.7299999995,901753913.2200018
2024-08-09,1531000.250000001,903284913.4700018
2024-08-10,1558780.7800000007,904843694.2500018
2024-08-11,1641665.2000000018,906485359.4500018
2024-08-12,1732240.2100000007,908217599.6600019
2024-08-13,1604872.2900000007,909822471.9500018
2024-08-14,1451978.8000000007,911274450.7500018
2024-08-15,1600593.4599999993,912875044.2100018
2024-08-16,1543950.030000001,914418994.2400018
2024-08-17,1476655.7799999993,915895650.0200018
2024-08-18,1552776.8599999999,917448426.8800018
2024-08-19,1691479.9199999974,919139906.8000017
2024-08-20,1444148.8000000014,920584055.6000017
2024-08-21,1545875.929999997,922129931.5300016
2024-08-22,1556887.640000001,923686819.1700016
2024-08-23,1486905.8599999999,925173725.0300016
2024-08-24,1430552.1200000022,926604277.1500016
2024-08-25,1569899.4499999995,928174176.6000017
2024-08-26,1585853.4899999995,929760030.0900017
2024-08-27,1578969.2000000007,931338999.2900017
2024-08-28,1536779.82,932875779.1100018
2024-08-29,1549319.169999999,934425098.2800018
2024-08-30,1530852.979999999,935955951.2600018
2024-08-31,1640169.7,937596120.9600018
2024-09-01,1515369.0800000008,939111490.0400019
2024-09-02,1453310.6400000004,940564800.6800019
2024-09-03,1493374.86,942058175.5400019
2024-09-04,1524222.8700000003,943582398.4100019
2024-09-05,1581359.970000001,945163758.3800019
2024-09-06,1569037.3799999994,946732795.7600019
2024-09-07,1494878.0699999987,948227673.830002
2024-09-08,1558568.04,949786241.8700019
2024-09-09,1555292.3500000008,951341534.2200019
2024-09-10,1619661.7800000024,952961196.0000019
2024-09-11,1511944.4000000001,954473140.4000019
2024-09-12,1485684.6799999995,955958825.0800018
2024-09-13,1429953.0099999993,957388778.0900018
2024-09-14,1655809.6800000004,959044587.7700018
2024-09-15,1542738.3599999994,960587326.1300018
2024-09-16,1473299.919999999,962060626.0500017
2024-09-17,1546571.2600000012,963607197.3100017
2024-09-18,1412597.4900000007,965019794.8000017
2024-09-19,1494363.9899999995,966514158.7900017
2024-09-20,1442692.9100000001,967956851.7000017
2024-09-21,1551755.3699999985,969508607.0700017
2024-09-22,1484713.580000001,970993320.6500018
2024-09-23,1500022.9800000016,972493343.6300018
2024-09-24,1694136.8600000003,974187480.4900018
2024-09-25,1480867.9100000004,975668348.4000018
2024-09-26,1463488.9599999983,977131837.3600018
2024-09-27,1631054.3700000008,978762891.7300018
2024-09-28,1552535.3300000022,980315427.0600019
2024-09-29,1513115.3399999996,981828542.4000019
2024-09-30,1636866.1500000004,983465408.5500019
2024-10-01,1540096.9500000018,985005505.5000019
2024-10-02,1630167.1199999999,986635672.6200019
2024-10-03,1464232.799999999,988099905.4200019
2024-10-04,1563795.930000001,989663701.3500018
2024-10-05,1447841.7899999986,991111543.1400018
2024-10-06,1713147.4300000013,992824690.5700017
2024-10-07,1605794.4399999988,994430485.0100018
2024-10-08,1547264.750000001,995977749.7600018
2024-10-09,1635905.1500000001,997613654.9100018
2024-10-10,1621157.150000001,999234812.0600017
2024-10-11,1575643.4100000001,1000810455.4700017
2024-10-12,1534440.2400000007,1002344895.7100017
2024-10-13,1579095.0600000012,1003923990.7700016
2024-10-14,1533004.1500000004,1005456994.9200016
2024-10-15,1616681.2699999998,1007073676.1900016
2024-10-16,1456581.83,1008530258.0200016
2024-10-17,1442613.6099999999,1009972871.6300017
2024-10-18,1451782.7300000016,1011424654.3600017
2024-10-19,1658030.2899999998,1013082684.6500016
2024-10-20,1518414.0700000015,1014601098.7200017
2024-10-21,1588997.4999999988,1016190096.2200017
2024-10-22,1544276.520000001,1017734372.7400017
2024-10-23,1505377.1900000016,1019239749.9300017
2024-10-24,1511445.7499999986,1020751195.6800017
2024-10-25,1546263.9099999997,1022297459.5900017
2024-10-26,1678664.2800000007,1023976123.8700017
2024-10-27,1396794.8500000008,1025372918.7200017
2024-10-28,1574235.1400000001,1026947153.8600017
2024-10-29,1591350.829999999,1028538504.6900017
2024-10-30,1404437.1400000027,1029942941.8300017
2024-10-31,1498948.400000001,1031441890.2300017
2024-11-01,1492720.4199999992,1032934610.6500016
2024-11-02,1561437.3700000003,1034496048.0200016
2024-11-03,1557082.9899999998,1036053131.0100017
2024-11-04,1608616.9300000016,1037661747.9400016
2024-11-05,1620178.2300000007,1039281926.1700016
2024-11-06,1588355.1999999993,1040870281.3700017
2024-11-07,1592195.460000001,1042462476.8300017
2024-11-08,1430845.700000001,1043893322.5300018
2024-11-09,1538265.1900000006,1045431587.7200018
2024-11-10,1491695.690000001,1046923283.4100019
2024-11-11,1444751.3099999982,1048368034.7200018
2024-11-12,1572993.209999999,1049941027.9300019
2024-11-13,1584063.8999999997,1051525091.8300018
2024-11-14,1469735.27,1052994827.1000018
2024-11-15,1510808.1699999997,1054505635.2700018
2024-11-16,1538140.780000001,1056043776.0500017
2024-11-17,1419157.530000001,1057462933.5800017
2024-11-18,1507653.1100000017,1058970586.6900017
2024-11-19,1508258.8100000008,1060478845.5000017
2024-11-20,1528104.189999999,1062006949.6900017
2024-11-21,1386365.5800000005,1063393315.2700018
2024-11-22,1565326.439999999,1064958641.7100018
2024-11-23,1484703.370000001,1066443345.0800018
2024-11-24,1494924.4899999995,1067938269.5700018
2024-11-25,1461210.6199999999,1069399480.1900018
2024-11-26,1487409.84,1070886890.0300019
2024-11-27,1547983.92,1072434873.9500018
2024-11-28,1596235.1700000002,1074031109.1200018
2024-11-29,1542211.7899999996,1075573320.9100018
2024-11-30,1604758.1599999988,1077178079.0700018
2024-12-01,1598524.3200000008,1078776603.3900018
2024-12-02,1478156.1399999978,1080254759.5300019
2024-12-03,1522905.9100000006,1081777665.440002
2024-12-04,1469378.5099999988,1083247043.950002
2024-12-05,1504064.009999999,1084751107.960002
2024-12-06,1523236.9600000023,1086274344.920002
2024-12-07,1562094.2000000011,1087836439.120002
2024-12-08,1511805.3199999996,1089348244.440002
2024-12-09,1614935.0499999989,1090963179.490002
2024-12-10,1597837.1899999992,1092561016.680002
2024-12-11,1476381.1399999983,1094037397.820002
2024-12-12,1429787.5699999991,1095467185.390002
2024-12-13,1402763.6700000009,1096869949.060002
2024-12-14,1484634.2299999995,1098354583.290002
2024-12-15,1526873.3300000012,1099881456.620002
2024-12-16,1391367.9300000018,1101272824.550002
2024-12-17,1546187.41,1102819011.9600022
2024-12-18,1509652.6200000022,1104328664.580002
2024-12-19,1423399.6800000027,1105752064.2600021
2024-12-20,1605229.7799999986,1107357294.040002
2024-12-21,1562192.7300000011,1108919486.7700021
2024-12-22,1600339.3099999994,1110519826.080002
2024-12-23,1540504.520000002,1112060330.600002
2024-12-24,1494234.5,1113554565.100002
2024-12-25,1528278.11,1115082843.210002
2024-12-26,1599784.6500000008,1116682627.860002
2024-12-27,1611695.8700000008,1118294323.730002
2024-12-28,1546743.4699999993,1119841067.200002
2024-12-29,1506549.2299999993,1121347616.430002
2024-12-30,1621450.2399999974,1122969066.670002
2024-12-31,1556303.969999998,1124525370.640002
2025-01-01,1619628.6500000001,1126144999.290002
2025-01-02,1483729.4499999995,1127628728.7400022
2025-01-03,1537743.13,1129166471.8700023
2025-01-04,1601505.8500000003,1130767977.7200022
2025-01-05,1373548.15,1132141525.8700023
2025-01-06,1593476.8800000001,1133735002.7500024
2025-01-07,1528300.360000001,1135263303.1100023
2025-01-08,1548928.460000002,1136812231.5700023
2025-01-09,1586615.500000001,1138398847.0700023
2025-01-10,1626145.679999999,1140024992.7500024
2025-01-11,1487380.68,1141512373.4300025
2025-01-12,1526762.3400000003,1143039135.7700024
2025-01-13,1493169.7299999984,1144532305.5000024
2025-01-14,1512971.3500000013,1146045276.8500023
2025-01-15,1567108.4199999995,1147612385.2700024
2025-01-16,1542324.0999999992,1149154709.3700023
2025-01-17,1583900.64,1150738610.0100024
2025-01-18,1595770.8000000003,1152334380.8100023
2025-01-19,1583174.0999999985,1153917554.9100022
2025-01-20,1525580.4999999998,1155443135.4100022
2025-01-21,1583265.0999999968,1157026400.5100021
2025-01-22,1578623.9900000007,1158605024.5000021
2025-01-23,1566648.2100000018,1160171672.7100022
2025-01-24,1515199.4600000004,1161686872.1700022
2025-01-25,1416355.81,1163103227.9800022
2025-01-26,1556873.4199999983,1164660101.4000022
2025-01-27,1414939.4799999993,1166075040.8800023
2025-01-28,1639528.6700000009,1167714569.5500023
2025-01-29,1575072.600000001,1169289642.1500022
2025-01-30,1525909.870000001,1170815552.0200021
2025-01-31,1489459.0599999982,1172305011.080002
2025-02-01,1752564.7399999998,1174057575.820002
2025-02-02,1563845.470000002,1175621421.290002
2025-02-03,1618690.719999999,1177240112.0100021
2025-02-04,1481143.5699999994,1178721255.580002
2025-02-05,1462122.4600000018,1180183378.040002
2025-02-06,1610073.8299999998,1181793451.870002
2025-02-07,1484378.1099999999,1183277829.980002
2025-02-08,1748062.0400000007,1185025892.020002
2025-02-09,1632959.6400000018,1186658851.660002
2025-02-10,1501607.77,1188160459.430002
2025-02-11,1596108.12,1189756567.5500019
2025-02-12,1588758.9700000002,1191345326.520002
2025-02-13,1592382.240000002,1192937708.760002
2025-02-14,1481057.5899999994,1194418766.3500018
2025-02-15,1626260.020000001,1196045026.3700018
2025-02-16,1519849.39,1197564875.760002
2025-02-17,1586040.330000002,1199150916.0900018
2025-02-18,1417905.3899999997,1200568821.480002
2025-02-19,1584117.6599999997,1202152939.140002
2025-02-20,1470112.0500000014,1203623051.190002
2025-02-21,1400639.85,1205023691.0400019
2025-02-22,1548224.4200000013,1206571915.460002
2025-02-23,1535056.8599999999,1208106972.3200018
2025-02-24,1431418.9700000011,1209538391.2900019
2025-02-25,1546760.1399999992,1211085151.430002
2025-02-26,1642491.0000000002,1212727642.430002
2025-02-27,1546040.3400000015,1214273682.770002
2025-02-28,1368573.3200000026,1215642256.0900018
2025-03-01,1406478.1900000009,1217048734.2800019
2025-03-02,1439777.0000000002,1218488511.2800019
2025-03-03,1664793.58,1220153304.8600018
2025-03-04,1584205.6800000004,1221737510.5400019
2025-03-05,1444864.2900000003,1223182374.8300018
2025-03-06,1472458.0599999996,1224654832.8900018
2025-03-07,1518020.8399999994,1226172853.7300017
2025-03-08,1409804.99,1227582658.7200017
2025-03-09,1565057.3500000008,1229147716.0700016
2025-03-10,1472574.6100000013,1230620290.6800015
2025-03-11,1540222.9500000011,1232160513.6300015
2025-03-12,1620781.0500000012,1233781294.6800015
2025-03-13,1453105.5400000005,1235234400.2200015
2025-03-14,1559028.819999998,1236793429.0400014
2025-03-15,1520305.4199999997,1238313734.4600015
2025-03-16,1375374.41,1239689108.8700016
2025-03-17,1635713.3899999964,1241324822.2600017
2025-03-18,1559679.0400000003,1242884501.3000016
2025-03-19,1605740.55,1244490241.8500016
2025-03-20,1575446.7200000002,1246065688.5700016
2025-03-21,1555962.319999999,1247621650.8900015
2025-03-22,1642898.8400000005,1249264549.7300014
2025-03-23,1555584.659999999,1250820134.3900015
2025-03-24,1589674.4699999976,1252409808.8600016
2025-03-25,1574633.0299999996,1253984441.8900015
2025-03-26,1602694.359999998,1255587136.2500014
2025-03-27,1558502.6700000004,1257145638.9200015
2025-03-28,1630274.2199999993,1258775913.1400015
2025-03-29,1568720.6699999988,1260344633.8100016
2025-03-30,1537752.51,1261882386.3200016
2025-03-31,1536112.4499999986,1263418498.7700016
2025-04-01,1556964.5300000003,1264975463.3000016
2025-04-02,1558793.8699999992,1266534257.1700015
2025-04-03,1520853.180000001,1268055110.3500016
2025-04-04,1719927.4600000004,1269775037.8100016
2025-04-05,1588419.809999999,1271363457.6200016
2025-04-06,1446196.1599999976,1272809653.7800016
2025-04-07,1688854.6700000004,1274498508.4500017
2025-04-08,1494963.449999999,1275993471.9000018
2025-04-09,1564998.5000000028,1277558470.4000018
2025-04-10,1447498.0399999996,1279005968.4400017
2025-04-11,1499109.8899999985,1280505078.3300018
2025-04-12,1474654.009999999,1281979732.3400018
2025-04-13,1564657.9100000001,1283544390.250002
2025-04-14,1524812.7100000016,1285069202.960002
2025-04-15,1599760.080000001,1286668963.0400019
2025-04-16,1601081.160000001,1288270044.200002
2025-04-17,1686398.3900000025,1289956442.590002
2025-04-18,1591512.4899999981,1291547955.080002
2025-04-19,1600864.7700000014,1293148819.850002
2025-04-20,1559343.7800000003,1294708163.630002
2025-04-21,1635189.1800000018,1296343352.810002
2025-04-22,1585474.160000002,1297928826.9700022
2025-04-23,1571620.4800000023,1299500447.4500022
2025-04-24,1546707.2999999993,1301047154.7500021
2025-04-25,1465154.4500000004,1302512309.2000022
2025-04-26,1742336.01,1304254645.2100022
2025-04-27,1674976.4799999993,1305929621.6900022
2025-04-28,1486023.4199999988,1307415645.1100023
2025-04-29,1427658.8599999992,1308843303.9700022
2025-04-30,764.09,1308844068.060002
